R11,R12,R13,R21,R22,R23,R31,R32,R33,tX,tY,tZ,max_residual,rms_residual,N_pairs
0.9990481224722539,-0.03444120477213432,0.026770364183329412,0.034891221761050896,0.9992544218796339,-0.01652885349984955,-0.02618113115748313,0.01744717076898818,0.9995049497643682,5.000067952913774,-3.000169753520879,2.0002252656031665,0.00030363509297886643,0.00026733389220697884,4
